id,first_name,last_name,email,gender,ip_address
1,Laurie,Tregoning,ltregoning0@techcrunch.com,Female,15.197.76.9
2,Kermit,Surguine,ksurguine1@webeden.co.uk,Male,61.75.73.233
3,Chery,Breeder,cbreeder2@guardian.co.uk,Female,108.143.26.228
4,Levy,Aitkin,laitkin3@harvard.edu,Male,140.135.125.62
5,Kristian,McCarly,kmccarly4@umich.edu,Male,198.116.8.254
6,Alta,Migheli,amigheli5@last.fm,Female,77.251.94.76
7,Temp,Alessandretti,talessandretti6@aboutads.info,Male,240.193.252.193
8,Cross,Cruden,ccruden7@indiegogo.com,Male,77.237.245.160
9,Cross,Andrichak,candrichak8@phoca.cz,Male,100.128.228.136
10,Kay,Basindale,kbasindale9@wordpress.org,Female,180.93.59.30
11,Toma,Shore,tshorea@twitpic.com,Female,112.224.210.49
12,Perrine,Vaudre,pvaudreb@unc.edu,Female,223.100.225.240
13,Loise,Butte,lbuttec@wufoo.com,Female,205.154.108.36
14,Durand,Kobu,dkobud@google.es,Male,22.120.170.13
15,Alix,Challender,achallendere@icio.us,Female,228.189.71.5
16,Donnie,Margarson,dmargarsonf@arstechnica.com,Male,191.32.126.182
17,Latashia,Sifleet,lsifleetg@cpanel.net,Female,75.165.76.126
18,Maurie,Harlett,mharletth@craigslist.org,Male,100.78.33.52
19,Alwyn,Pococke,apocockei@ucsd.edu,Male,227.6.134.118
20,Barnie,Kendrew,bkendrewj@scientificamerican.com,Male,160.29.60.211
21,Keane,Goodinson,kgoodinsonk@nytimes.com,Male,179.43.57.50
22,Lyndy,Covotto,lcovottol@woothemes.com,Female,190.195.241.202
23,Rodrique,Duly,rdulym@home.pl,Male,53.84.225.235
24,Fallon,Duligall,fduligalln@digg.com,Female,54.26.1.190
25,Esmeralda,Millyard,emillyardo@fastcompany.com,Female,107.202.23.95
26,Jorrie,Nairne,jnairnep@home.pl,Female,181.54.154.16
27,Kiah,Willatt,kwillattq@foxnews.com,Female,137.13.76.225
28,Linette,Brambley,lbrambleyr@mail.ru,Female,180.49.12.175
29,Cristy,Enderwick,cenderwicks@google.de,Female,114.136.73.112
30,Vidovic,Brownhill,vbrownhillt@arstechnica.com,Male,182.53.97.250
31,Farlee,Marrison,fmarrisonu@chicagotribune.com,Male,141.18.167.235
32,Marina,Plevin,mplevinv@cdc.gov,Female,129.49.48.248
33,Teodoor,Tennewell,ttennewellw@infoseek.co.jp,Male,236.129.238.252
34,Gilli,Adie,gadiex@cnn.com,Female,131.203.61.67
35,Tina,Cutill,tcutilly@booking.com,Female,89.110.155.134
36,El,Pettengell,epettengellz@wsj.com,Male,83.254.206.129
37,Townsend,Dewdeny,tdewdeny10@sfgate.com,Male,145.32.36.146
38,Jodie,Bode,jbode11@github.io,Female,58.131.236.218
39,Tammi,Koppes,tkoppes12@bing.com,Female,131.74.230.241
40,Ursola,Tarling,utarling13@php.net,Female,193.55.142.39
41,Vincent,Belmont,vbelmont14@taobao.com,Male,253.199.95.15
42,Kerstin,McKevin,kmckevin15@usda.gov,Female,172.237.93.74
43,Fairleigh,Rothermel,frothermel16@domainmarket.com,Male,154.200.206.17
44,Amy,Aird,aaird17@shinystat.com,Female,79.76.250.85
45,Sybilla,Gittoes,sgittoes18@csmonitor.com,Female,203.214.54.98
46,Andie,Treadwell,atreadwell19@flickr.com,Male,55.194.59.4
47,Sheffy,Vreiberg,svreiberg1a@blogger.com,Male,248.128.206.55
48,Benjamin,Kinge,bkinge1b@live.com,Male,177.159.4.242
49,Elsbeth,Starten,estarten1c@samsung.com,Female,13.93.7.235
50,Cchaddie,Carse,ccarse1d@skyrock.com,Male,100.95.233.253
51,Norina,Reany,nreany1e@google.com.br,Female,220.174.232.201
52,Rory,Ingrey,ringrey1f@adobe.com,Male,61.91.189.49
53,Brandice,Sarfati,bsarfati1g@oaic.gov.au,Female,63.150.164.198
54,Sarita,De Bernardi,sdebernardi1h@4shared.com,Female,56.187.104.127
55,Giusto,Creigan,gcreigan1i@wordpress.com,Male,54.95.121.176
56,Kelsey,Bolingbroke,kbolingbroke1j@ask.com,Female,251.251.240.150
57,Jacquelin,Houseman,jhouseman1k@deviantart.com,Female,147.70.143.118
58,Ermentrude,Cosgriff,ecosgriff1l@toplist.cz,Female,152.51.127.25
59,Burtie,Farryan,bfarryan1m@sogou.com,Male,202.58.190.40
60,Emanuel,Rosenthal,erosenthal1n@miitbeian.gov.cn,Male,12.29.63.137
61,Hedda,Benezeit,hbenezeit1o@naver.com,Female,198.185.50.49
62,Auberon,Kahan,akahan1p@statcounter.com,Male,214.2.78.111
63,Nydia,Lindelof,nlindelof1q@github.com,Female,171.186.241.173
64,Delainey,Hartington,dhartington1r@miibeian.gov.cn,Male,212.143.111.233
65,Didi,Blenkhorn,dblenkhorn1s@e-recht24.de,Female,154.146.231.154
66,Giff,Ebbett,gebbett1t@furl.net,Male,45.96.150.203
67,Payton,Keniwell,pkeniwell1u@uol.com.br,Male,36.230.58.202
68,Judon,Shivell,jshivell1v@bravesites.com,Male,112.178.165.72
69,Tito,Jacks,tjacks1w@europa.eu,Male,98.224.127.140
70,Amerigo,Burgot,aburgot1x@senate.gov,Male,232.96.115.189
71,Frederick,Alessandrucci,falessandrucci1y@ameblo.jp,Male,204.59.169.0
72,Bartholomeus,Freund,bfreund1z@youku.com,Male,23.137.125.111
73,Krystle,Crisall,kcrisall20@hostgator.com,Female,245.81.112.161
74,Giffard,Linwood,glinwood21@china.com.cn,Male,241.10.238.71
75,Crosby,Whitnell,cwhitnell22@elpais.com,Male,95.207.110.240
76,Nettle,Dimbylow,ndimbylow23@cdc.gov,Female,61.93.107.176
77,Judith,Foyston,jfoyston24@furl.net,Female,168.51.104.155
78,Lil,Gergolet,lgergolet25@nhs.uk,Female,26.103.78.161
79,Lynna,Iacapucci,liacapucci26@hud.gov,Female,8.60.62.17
80,Dinah,Sharphurst,dsharphurst27@craigslist.org,Female,76.84.224.250
81,Sherill,McGrath,smcgrath28@wix.com,Female,140.227.77.4
82,Karly,Eble,keble29@usatoday.com,Female,199.94.162.119
83,Maggy,Nijssen,mnijssen2a@1und1.de,Female,23.234.251.179
84,Lucius,Cockle,lcockle2b@delicious.com,Male,197.116.37.133
85,Molly,Coltart,mcoltart2c@msu.edu,Female,181.243.184.112
86,Homerus,Gibbie,hgibbie2d@redcross.org,Male,166.73.3.48
87,Dyana,Beaves,dbeaves2e@webmd.com,Female,59.37.58.65
88,Holden,Broschke,hbroschke2f@godaddy.com,Male,164.94.81.27
89,Laurens,Spadeck,lspadeck2g@163.com,Male,101.86.140.6
90,Franni,Farnill,ffarnill2h@loc.gov,Female,234.4.69.196
91,Concordia,Dax,cdax2i@ted.com,Female,189.149.196.118
92,Ulrich,McCullen,umccullen2j@sohu.com,Male,35.192.201.33
93,Minna,Feetham,mfeetham2k@wikipedia.org,Female,113.143.94.104
94,Concordia,Broggelli,cbroggelli2l@mac.com,Female,190.190.8.165
95,Rosabel,Grenter,rgrenter2m@businessinsider.com,Female,135.160.29.244
96,Dannie,Pulford,dpulford2n@pbs.org,Male,74.93.167.247
97,Biddie,Reedshaw,breedshaw2o@theguardian.com,Female,146.105.150.93
98,Clyve,Burchett,cburchett2p@auda.org.au,Male,73.104.106.226
99,Bellina,Spatig,bspatig2q@redcross.org,Female,120.113.151.222
100,Des,Farden,dfarden2r@oracle.com,Male,42.146.243.227
